"Andrews,  George",GO AMERICAS,TOTAL EMPLOYEES
"Bauer,  Laura",GO AMERICAS,TOTAL EMPLOYEES
"Bergman,  Dennis",GO AMERICAS,TOTAL EMPLOYEES
"Boscolo,  Maria",GO AMERICAS,TOTAL EMPLOYEES
"Bretton,  Frank",GO AMERICAS,TOTAL EMPLOYEES
"Brown,  Scott",GO AMERICAS,TOTAL EMPLOYEES
"Dunn,  Paul",GO AMERICAS,TOTAL EMPLOYEES
"Fournier,  Emile",GO AMERICAS,TOTAL EMPLOYEES
"Fuhlroth,  Frank",GO AMERICAS,TOTAL EMPLOYEES
"Fuller,  Stephanie",GO AMERICAS,TOTAL EMPLOYEES
"Galley,  Eloise",GO AMERICAS,TOTAL EMPLOYEES
"Gardner,  Donald",GO AMERICAS,TOTAL EMPLOYEES
"Henderson,  Steven",GO AMERICAS,TOTAL EMPLOYEES
"Hirsh,  Derek",GO AMERICAS,TOTAL EMPLOYEES
"Kane,  Paula",GO AMERICAS,TOTAL EMPLOYEES
"Kent,  James",GO AMERICAS,TOTAL EMPLOYEES
"Lanuit,  Pascal",GO AMERICAS,TOTAL EMPLOYEES
"Lauzon,  Bernard",GO AMERICAS,TOTAL EMPLOYEES
"Li,  Ming",GO AMERICAS,TOTAL EMPLOYEES
"Long,  John",GO AMERICAS,TOTAL EMPLOYEES
"McCormick,  Ashley",GO AMERICAS,TOTAL EMPLOYEES
"Miller,  Allen",GO AMERICAS,TOTAL EMPLOYEES
"Parston,  Chris",GO AMERICAS,TOTAL EMPLOYEES
"Peterson,  Diane",GO AMERICAS,TOTAL EMPLOYEES
"Pettigrew,  Serge",GO AMERICAS,TOTAL EMPLOYEES
"Pino,  Lloyd",GO AMERICAS,TOTAL EMPLOYEES
"Piper,  David",GO AMERICAS,TOTAL EMPLOYEES
"Racine,  Don",GO AMERICAS,TOTAL EMPLOYEES
"Rizzo,  Vittorio",GO AMERICAS,TOTAL EMPLOYEES
"Roach,  Chris",GO AMERICAS,TOTAL EMPLOYEES
"Romero,  Silvia",GO AMERICAS,TOTAL EMPLOYEES
"Rowland,  Sherry",GO AMERICAS,TOTAL EMPLOYEES
"Samuelsen,  Dagmar",GO AMERICAS,TOTAL EMPLOYEES
"Schulz,  Anna",GO AMERICAS,TOTAL EMPLOYEES
"Schwarz,  Barbara",GO AMERICAS,TOTAL EMPLOYEES
"Scott,  Amy",GO AMERICAS,TOTAL EMPLOYEES
"Sheppard,  Diane",GO AMERICAS,TOTAL EMPLOYEES
"Sherwood,  Tammy",GO AMERICAS,TOTAL EMPLOYEES
"Smith,  Gordon",GO AMERICAS,TOTAL EMPLOYEES
"Sommer,  Emma",GO AMERICAS,TOTAL EMPLOYEES
"Tamrine,  Penelope",GO AMERICAS,TOTAL EMPLOYEES
"Taver,  Andrew",GO AMERICAS,TOTAL EMPLOYEES
"Tayer,  Jonathan",GO AMERICAS,TOTAL EMPLOYEES
"Thomas,  Dale",GO AMERICAS,TOTAL EMPLOYEES
"Townsend,  Harold",GO AMERICAS,TOTAL EMPLOYEES
"Vachon,  Martine",GO AMERICAS,TOTAL EMPLOYEES
"White,  Sally",GO AMERICAS,TOTAL EMPLOYEES
"Willborn,  Giselle",GO AMERICAS,TOTAL EMPLOYEES
"Chow,  Donald",GO AMERICAS,TOTAL EMPLOYEES
"Claudel,  Carole",GO AMERICAS,TOTAL EMPLOYEES
"Hagen,  Jackie",GO AMERICAS,TOTAL EMPLOYEES
"Henderson,  Tammy",GO AMERICAS,TOTAL EMPLOYEES
"Pierce,  Samantha",GO AMERICAS,TOTAL EMPLOYEES
"Pike,  Brendon",GO AMERICAS,TOTAL EMPLOYEES
"Saint-Germain,  Georges",GO AMERICAS,TOTAL EMPLOYEES
"Belding,  Greg",GO AMERICAS,TOTAL EMPLOYEES
"Carson,  Eric",GO AMERICAS,TOTAL EMPLOYEES
"Chambers,  Ken",GO AMERICAS,TOTAL EMPLOYEES
"Cohen,  Valerie",GO AMERICAS,TOTAL EMPLOYEES
"Cummings,  Rhonda",GO AMERICAS,TOTAL EMPLOYEES
"Duvalier,  Paula",GO AMERICAS,TOTAL EMPLOYEES
"Lavoie,  Pierre",GO AMERICAS,TOTAL EMPLOYEES
"Merrigan,  Nicolette",GO AMERICAS,TOTAL EMPLOYEES
"Miles,  Dana",GO AMERICAS,TOTAL EMPLOYEES
"Ripley,  James",GO AMERICAS,TOTAL EMPLOYEES
"Rodriguez,  Alex",GO AMERICAS,TOTAL EMPLOYEES
"Rossi,  Agostino",GO AMERICAS,TOTAL EMPLOYEES
"Wilcox,  Alan",GO AMERICAS,TOTAL EMPLOYEES
"Floyd,  Samantha",GO AMERICAS,TOTAL EMPLOYEES
"Harrows,  George",GO AMERICAS,TOTAL EMPLOYEES
"Harvey,  Susan",GO AMERICAS,TOTAL EMPLOYEES
"Lastman,  Audrey",GO AMERICAS,TOTAL EMPLOYEES
"Scott,  Bart",GO AMERICAS,TOTAL EMPLOYEES
"White,  Melanie",GO AMERICAS,TOTAL EMPLOYEES
"Brinkley,  Conrad",GO AMERICAS,TOTAL EMPLOYEES
"Danniston,  Janet",GO AMERICAS,TOTAL EMPLOYEES
"Fowler,  Dale",GO AMERICAS,TOTAL EMPLOYEES
"Johnson,  Lowell",GO AMERICAS,TOTAL EMPLOYEES
"Laurel,  Charles",GO AMERICAS,TOTAL EMPLOYEES
"Lewiston,  Margaret",GO AMERICAS,TOTAL EMPLOYEES
"Merkley,  Paula",GO AMERICAS,TOTAL EMPLOYEES
"Ogilvie,  Michaela",GO AMERICAS,TOTAL EMPLOYEES
"Rojas,  Gabriela",GO AMERICAS,TOTAL EMPLOYEES
"Sanchez,  Cirineo",GO AMERICAS,TOTAL EMPLOYEES
"Sinden,  Stephen",GO AMERICAS,TOTAL EMPLOYEES
"Steinberg,  Nicole",GO AMERICAS,TOTAL EMPLOYEES
"Thomas,  Janice",GO AMERICAS,TOTAL EMPLOYEES
"Wright,  Corey",GO AMERICAS,TOTAL EMPLOYEES
"Germaine,  Harold",GO AMERICAS,TOTAL EMPLOYEES
"Hoffman,  Maureen",GO AMERICAS,TOTAL EMPLOYEES
"Michaels,  Chad",GO AMERICAS,TOTAL EMPLOYEES
"Millers,  Karly",GO AMERICAS,TOTAL EMPLOYEES
"Olsen,  Julie",GO AMERICAS,TOTAL EMPLOYEES
"Parry,  Vera",GO AMERICAS,TOTAL EMPLOYEES
"Casares,  Antonio",GO AMERICAS,TOTAL EMPLOYEES
"Delgado,  Drina",GO AMERICAS,TOTAL EMPLOYEES
"Garces,  Victor",GO AMERICAS,TOTAL EMPLOYEES
"Guzman,  Ciro",GO AMERICAS,TOTAL EMPLOYEES
"Guzman,  Malena",GO AMERICAS,TOTAL EMPLOYEES
"Lopez,  Teresita",GO AMERICAS,TOTAL EMPLOYEES
"Mendez,  Dion",GO AMERICAS,TOTAL EMPLOYEES
"Nuñez,  Luis",GO AMERICAS,TOTAL EMPLOYEES
"Ortega,  Jessica",GO AMERICAS,TOTAL EMPLOYEES
"Perez,  Gepetto",GO AMERICAS,TOTAL EMPLOYEES
"Ramirez,  Anna",GO AMERICAS,TOTAL EMPLOYEES
"Reyna,  Lucía",GO AMERICAS,TOTAL EMPLOYEES
"Rios,  Isabel",GO AMERICAS,TOTAL EMPLOYEES
"Ross,  Barb",GO AMERICAS,TOTAL EMPLOYEES
"Salazar,  Cristina",GO AMERICAS,TOTAL EMPLOYEES
"Saunder,  Andrea",GO AMERICAS,TOTAL EMPLOYEES
"Valdez,  Anna",GO AMERICAS,TOTAL EMPLOYEES
"Valdez,  Esperanza",GO AMERICAS,TOTAL EMPLOYEES
"Vega,  Nuria",GO AMERICAS,TOTAL EMPLOYEES
"Aguilar,  Violeta",GO AMERICAS,TOTAL EMPLOYEES
"Alvarez,  Balthasar",GO AMERICAS,TOTAL EMPLOYEES
"Antunes,  Abel",GO AMERICAS,TOTAL EMPLOYEES
"Barros,  Viviam",GO AMERICAS,TOTAL EMPLOYEES
"Borges,  Liberio",GO AMERICAS,TOTAL EMPLOYEES
"Cabral,  Humberto",GO AMERICAS,TOTAL EMPLOYEES
"Costa,  Izabel",GO AMERICAS,TOTAL EMPLOYEES
"Couto,  Beatriz",GO AMERICAS,TOTAL EMPLOYEES
"Dias,  Isadora",GO AMERICAS,TOTAL EMPLOYEES
"Dias,  Morela",GO AMERICAS,TOTAL EMPLOYEES
"Ferreira,  Aitana",GO AMERICAS,TOTAL EMPLOYEES
"Guimarães,  Eduardo",GO AMERICAS,TOTAL EMPLOYEES
"Lopes,  Bayard",GO AMERICAS,TOTAL EMPLOYEES
"Oliveira,  Roberto",GO AMERICAS,TOTAL EMPLOYEES
"Pereira,  Alexandre",GO AMERICAS,TOTAL EMPLOYEES
"Fujita,  Kouji",GO ASIA PACIFIC,TOTAL EMPLOYEES
"Hayashi,  Masao",GO ASIA PACIFIC,TOTAL EMPLOYEES
"Kato,  Aimi",GO ASIA PACIFIC,TOTAL EMPLOYEES
"Kimura,  Kouhei",GO ASIA PACIFIC,TOTAL EMPLOYEES
"Shimizu,  Ren",GO ASIA PACIFIC,TOTAL EMPLOYEES
"Suzuki,  Hitomi",GO ASIA PACIFIC,TOTAL EMPLOYEES
"Takahashi,  Akemi",GO ASIA PACIFIC,TOTAL EMPLOYEES
"Takahashi,  Kaori",GO ASIA PACIFIC,TOTAL EMPLOYEES
"Watanabe,  Daiki",GO ASIA PACIFIC,TOTAL EMPLOYEES
"Yamada,  Akemi",GO ASIA PACIFIC,TOTAL EMPLOYEES
"Yamamoto,  Ayaka",GO ASIA PACIFIC,TOTAL EMPLOYEES
"Yamashita,  Nanami",GO ASIA PACIFIC,TOTAL EMPLOYEES
"Yoshida,  Chiyo",GO ASIA PACIFIC,TOTAL EMPLOYEES
"Aoki,  Isamu",GO ASIA PACIFIC,TOTAL EMPLOYEES
"Hashimoto,  Akira",GO ASIA PACIFIC,TOTAL EMPLOYEES
"Imori,  Genzo",GO ASIA PACIFIC,TOTAL EMPLOYEES
"Inoue,  Kenzo",GO ASIA PACIFIC,TOTAL EMPLOYEES
"Ito,  Isamu",GO ASIA PACIFIC,TOTAL EMPLOYEES
"Kakui,  Masuzo",GO ASIA PACIFIC,TOTAL EMPLOYEES
"Kato,  Chiyo",GO ASIA PACIFIC,TOTAL EMPLOYEES
"Kimura,  Daichi",GO ASIA PACIFIC,TOTAL EMPLOYEES
"Matsumoto,  Kenta",GO ASIA PACIFIC,TOTAL EMPLOYEES
"Ogawa,  Hideyoshi",GO ASIA PACIFIC,TOTAL EMPLOYEES
"Saito,  Fumiko",GO ASIA PACIFIC,TOTAL EMPLOYEES
"Sasaki,  Kazuki",GO ASIA PACIFIC,TOTAL EMPLOYEES
"Sato,  Haruka",GO ASIA PACIFIC,TOTAL EMPLOYEES
"Tanaka,  Aimi",GO ASIA PACIFIC,TOTAL EMPLOYEES
"Tanaka,  Daichi",GO ASIA PACIFIC,TOTAL EMPLOYEES
"Tanaka,  Saburo",GO ASIA PACIFIC,TOTAL EMPLOYEES
"Uragome,  Kazumi",GO ASIA PACIFIC,TOTAL EMPLOYEES
"Watanabe,  Aiko",GO ASIA PACIFIC,TOTAL EMPLOYEES
"Applebergh,  Jonathan",GO ASIA PACIFIC,TOTAL EMPLOYEES
"Berger,  Doris",GO ASIA PACIFIC,TOTAL EMPLOYEES
"Campbell,  Dean",GO ASIA PACIFIC,TOTAL EMPLOYEES
"Cartel,  Jake",GO ASIA PACIFIC,TOTAL EMPLOYEES
"Davidson,  Susan",GO ASIA PACIFIC,TOTAL EMPLOYEES
"Donnelly,  Karen",GO ASIA PACIFIC,TOTAL EMPLOYEES
"Faraday,  Thomas",GO ASIA PACIFIC,TOTAL EMPLOYEES
"Fowlie,  Catherine",GO ASIA PACIFIC,TOTAL EMPLOYEES
"Fulford,  Jackie",GO ASIA PACIFIC,TOTAL EMPLOYEES
"Keneth,  Lawrence",GO ASIA PACIFIC,TOTAL EMPLOYEES
"Morris,  Laura",GO ASIA PACIFIC,TOTAL EMPLOYEES
"Samuel,  Andrea",GO ASIA PACIFIC,TOTAL EMPLOYEES
"Sandles,  Cindy",GO ASIA PACIFIC,TOTAL EMPLOYEES
"Smythe,  Dave",GO ASIA PACIFIC,TOTAL EMPLOYEES
"Walter,  Alice",GO ASIA PACIFIC,TOTAL EMPLOYEES
"Ward,  Donald",GO ASIA PACIFIC,TOTAL EMPLOYEES
"Wilson,  Ken",GO ASIA PACIFIC,TOTAL EMPLOYEES
"Choi,  Hye-Yul",GO ASIA PACIFIC,TOTAL EMPLOYEES
"Choi,  Jung-ho",GO ASIA PACIFIC,TOTAL EMPLOYEES
"Han,  Kyong-In",GO ASIA PACIFIC,TOTAL EMPLOYEES
"Hong,  Kyong-In",GO ASIA PACIFIC,TOTAL EMPLOYEES
"Jung,  Mal-Su",GO ASIA PACIFIC,TOTAL EMPLOYEES
"Kim,  Chang-ho",GO ASIA PACIFIC,TOTAL EMPLOYEES
"Kim,  Chi-Mi",GO ASIA PACIFIC,TOTAL EMPLOYEES
"Lee,  Chi-San",GO ASIA PACIFIC,TOTAL EMPLOYEES
"Lim,  Chi-Mi",GO ASIA PACIFIC,TOTAL EMPLOYEES
"Namgung,  Yun",GO ASIA PACIFIC,TOTAL EMPLOYEES
"Pak,  Hae-Un",GO ASIA PACIFIC,TOTAL EMPLOYEES
"Teo,  He",GO ASIA PACIFIC,TOTAL EMPLOYEES
"Yoo,  Hui-To",GO ASIA PACIFIC,TOTAL EMPLOYEES
"Yoon,  Ra-San",GO ASIA PACIFIC,TOTAL EMPLOYEES
"Abbott,  Keith",GO ASIA PACIFIC,TOTAL EMPLOYEES
"Black,  Thomas",GO ASIA PACIFIC,TOTAL EMPLOYEES
"Chan,  Fang",GO ASIA PACIFIC,TOTAL EMPLOYEES
"Fang,  Chin-Tsai",GO ASIA PACIFIC,TOTAL EMPLOYEES
"Hé,  Wenhui",GO ASIA PACIFIC,TOTAL EMPLOYEES
"Huáng,  Cai",GO ASIA PACIFIC,TOTAL EMPLOYEES
"Kao,  Kwei-Ping",GO ASIA PACIFIC,TOTAL EMPLOYEES
"Koh,  Guolong",GO ASIA PACIFIC,TOTAL EMPLOYEES
"Lee,  Meifeng",GO ASIA PACIFIC,TOTAL EMPLOYEES
"Liao,  Meifeng",GO ASIA PACIFIC,TOTAL EMPLOYEES
"Lim,  Liren",GO ASIA PACIFIC,TOTAL EMPLOYEES
"Liú,  Bang",GO ASIA PACIFIC,TOTAL EMPLOYEES
"Ng,  Wuxiong",GO ASIA PACIFIC,TOTAL EMPLOYEES
"Shen,  Wuxiong",GO ASIA PACIFIC,TOTAL EMPLOYEES
"Smith,  Heather",GO ASIA PACIFIC,TOTAL EMPLOYEES
"Tan,  Lifang",GO ASIA PACIFIC,TOTAL EMPLOYEES
"Toh,  Meifeng",GO ASIA PACIFIC,TOTAL EMPLOYEES
"Zhang,  Anling",GO ASIA PACIFIC,TOTAL EMPLOYEES
"Dong ,  Peng",GO ASIA PACIFIC,TOTAL EMPLOYEES
"Gao,  Wu",GO ASIA PACIFIC,TOTAL EMPLOYEES
"Guo,  Liling",GO ASIA PACIFIC,TOTAL EMPLOYEES
"Guo,  Ting",GO ASIA PACIFIC,TOTAL EMPLOYEES
"Hu,  Shujuan",GO ASIA PACIFIC,TOTAL EMPLOYEES
"Kong,  Desheng",GO ASIA PACIFIC,TOTAL EMPLOYEES
"Li,  An",GO ASIA PACIFIC,TOTAL EMPLOYEES
"Liáng,  Wulong",GO ASIA PACIFIC,TOTAL EMPLOYEES
"Liú,  Cheng",GO ASIA PACIFIC,TOTAL EMPLOYEES
"Ma,  Liling",GO ASIA PACIFIC,TOTAL EMPLOYEES
"Meng,  Fei",GO ASIA PACIFIC,TOTAL EMPLOYEES
"Pan,  Xin",GO ASIA PACIFIC,TOTAL EMPLOYEES
"Wáng,  Anguo",GO ASIA PACIFIC,TOTAL EMPLOYEES
"Wáng,  Baozhen",GO ASIA PACIFIC,TOTAL EMPLOYEES
"Wang,  Xiangyong",GO ASIA PACIFIC,TOTAL EMPLOYEES
"Wú,  Chengde",GO ASIA PACIFIC,TOTAL EMPLOYEES
"Yáng,  Baozhen",GO ASIA PACIFIC,TOTAL EMPLOYEES
"Yu,  Xing",GO ASIA PACIFIC,TOTAL EMPLOYEES
"Zhang,  Cai",GO ASIA PACIFIC,TOTAL EMPLOYEES
"Zhào,  Cheng",GO ASIA PACIFIC,TOTAL EMPLOYEES
"Zhou,  Li",GO ASIA PACIFIC,TOTAL EMPLOYEES
"Zhu,  Lide",GO ASIA PACIFIC,TOTAL EMPLOYEES
"Arnaud,  Adeline",GO CENTRAL EUROPE,TOTAL EMPLOYEES
"Bacchus,  Henri",GO CENTRAL EUROPE,TOTAL EMPLOYEES
"Béchard,  Julie",GO CENTRAL EUROPE,TOTAL EMPLOYEES
"Bernard,  Amélie",GO CENTRAL EUROPE,TOTAL EMPLOYEES
"Borre,  Honoré",GO CENTRAL EUROPE,TOTAL EMPLOYEES
"Brion ,  Julien",GO CENTRAL EUROPE,TOTAL EMPLOYEES
"Dauphin,  Jules",GO CENTRAL EUROPE,TOTAL EMPLOYEES
"Dean,  Jane",GO CENTRAL EUROPE,TOTAL EMPLOYEES
"Durand,  Brigitte",GO CENTRAL EUROPE,TOTAL EMPLOYEES
"Gretton,  Caroline",GO CENTRAL EUROPE,TOTAL EMPLOYEES
"Jauvin,  Étienne",GO CENTRAL EUROPE,TOTAL EMPLOYEES
"Kodde,  Karine",GO CENTRAL EUROPE,TOTAL EMPLOYEES
"Labasilier,  Michel",GO CENTRAL EUROPE,TOTAL EMPLOYEES
"Lambert,  Francis",GO CENTRAL EUROPE,TOTAL EMPLOYEES
"Laut,  Susanne",GO CENTRAL EUROPE,TOTAL EMPLOYEES
"Lavolier,  Philippe",GO CENTRAL EUROPE,TOTAL EMPLOYEES
"Leblanc,  Pierre",GO CENTRAL EUROPE,TOTAL EMPLOYEES
"Mercier,  Vincent",GO CENTRAL EUROPE,TOTAL EMPLOYEES
"Michel,  Élizabeth",GO CENTRAL EUROPE,TOTAL EMPLOYEES
"Nuissier,  Sandrine",GO CENTRAL EUROPE,TOTAL EMPLOYEES
"Pagé,  Denis",GO CENTRAL EUROPE,TOTAL EMPLOYEES
"Pascal,  Sébastien",GO CENTRAL EUROPE,TOTAL EMPLOYEES
"Roche,  Adrienne",GO CENTRAL EUROPE,TOTAL EMPLOYEES
"Samson,  Frédéric",GO CENTRAL EUROPE,TOTAL EMPLOYEES
"Thomas,  Anastasie",GO CENTRAL EUROPE,TOTAL EMPLOYEES
"Turpin,  Daniel",GO CENTRAL EUROPE,TOTAL EMPLOYEES
"Vierin,  Thierry",GO CENTRAL EUROPE,TOTAL EMPLOYEES
"Bakker,  Johan",GO CENTRAL EUROPE,TOTAL EMPLOYEES
"Becker,  Hans",GO CENTRAL EUROPE,TOTAL EMPLOYEES
"Gerster,  Earnest",GO CENTRAL EUROPE,TOTAL EMPLOYEES
"Hirsch,  Fritz",GO CENTRAL EUROPE,TOTAL EMPLOYEES
"Hoenike,  Katharina",GO CENTRAL EUROPE,TOTAL EMPLOYEES
"Krieger,  Dietz",GO CENTRAL EUROPE,TOTAL EMPLOYEES
"Krieger,  Johanna",GO CENTRAL EUROPE,TOTAL EMPLOYEES
"Kunze,  Jörg",GO CENTRAL EUROPE,TOTAL EMPLOYEES
"Lehrer,  Albrecht",GO CENTRAL EUROPE,TOTAL EMPLOYEES
"Leyder,  Sylvie",GO CENTRAL EUROPE,TOTAL EMPLOYEES
"Martin,  Florence",GO CENTRAL EUROPE,TOTAL EMPLOYEES
"Mörike,  Else",GO CENTRAL EUROPE,TOTAL EMPLOYEES
"Muller,  Johanna",GO CENTRAL EUROPE,TOTAL EMPLOYEES
"Rayet,  Anne",GO CENTRAL EUROPE,TOTAL EMPLOYEES
"Samuelsen,  Barbara",GO CENTRAL EUROPE,TOTAL EMPLOYEES
"Schmidt,  Lea",GO CENTRAL EUROPE,TOTAL EMPLOYEES
"Schmidt,  Maria",GO CENTRAL EUROPE,TOTAL EMPLOYEES
"Schmuker,  Georg",GO CENTRAL EUROPE,TOTAL EMPLOYEES
"Villemont,  Nicole",GO CENTRAL EUROPE,TOTAL EMPLOYEES
"Wiesinger,  Elsbeth",GO CENTRAL EUROPE,TOTAL EMPLOYEES
"Winkler,  Björn",GO CENTRAL EUROPE,TOTAL EMPLOYEES
"Blackwell,  Susan",GO CENTRAL EUROPE,TOTAL EMPLOYEES
"Butler,  Rick",GO CENTRAL EUROPE,TOTAL EMPLOYEES
"Chaplin,  Aidan",GO CENTRAL EUROPE,TOTAL EMPLOYEES
"Hanes,  Veronica",GO CENTRAL EUROPE,TOTAL EMPLOYEES
"Hart,  Daniel",GO CENTRAL EUROPE,TOTAL EMPLOYEES
"Hunter,  Angela",GO CENTRAL EUROPE,TOTAL EMPLOYEES
"Jennings,  Christopher",GO CENTRAL EUROPE,TOTAL EMPLOYEES
"Jones,  Helen",GO CENTRAL EUROPE,TOTAL EMPLOYEES
"Keon,  Susan",GO CENTRAL EUROPE,TOTAL EMPLOYEES
"Martin,  Alice",GO CENTRAL EUROPE,TOTAL EMPLOYEES
"Roberts,  Andrew",GO CENTRAL EUROPE,TOTAL EMPLOYEES
"Roberts,  Ian",GO CENTRAL EUROPE,TOTAL EMPLOYEES
"Ross-Hythe,  James",GO CENTRAL EUROPE,TOTAL EMPLOYEES
"Scott,  Cindy",GO CENTRAL EUROPE,TOTAL EMPLOYEES
"Sickling,  Cyril",GO CENTRAL EUROPE,TOTAL EMPLOYEES
"Sommer,  Susanne",GO CENTRAL EUROPE,TOTAL EMPLOYEES
"Taylor,  Walter",GO CENTRAL EUROPE,TOTAL EMPLOYEES
"Willoughby,  Humphrey",GO CENTRAL EUROPE,TOTAL EMPLOYEES
"Browne,  Emily",GO CENTRAL EUROPE,TOTAL EMPLOYEES
"Kieran,  Hugues",GO CENTRAL EUROPE,TOTAL EMPLOYEES
"Landen,  Daniel",GO CENTRAL EUROPE,TOTAL EMPLOYEES
"Linton,  Polly",GO CENTRAL EUROPE,TOTAL EMPLOYEES
"Walker,  Janet",GO CENTRAL EUROPE,TOTAL EMPLOYEES
"Bernardin,  Olivier",GO CENTRAL EUROPE,TOTAL EMPLOYEES
"Brink,  Conrad",GO CENTRAL EUROPE,TOTAL EMPLOYEES
"David,  Roland",GO CENTRAL EUROPE,TOTAL EMPLOYEES
"Fouche,  Marcel",GO CENTRAL EUROPE,TOTAL EMPLOYEES
"Horak,  Michael",GO CENTRAL EUROPE,TOTAL EMPLOYEES
"Jever,  Frank",GO CENTRAL EUROPE,TOTAL EMPLOYEES
"Keschmann,  Amara",GO CENTRAL EUROPE,TOTAL EMPLOYEES
"Laut,  Barnard",GO CENTRAL EUROPE,TOTAL EMPLOYEES
"O'Reilly,  Diane",GO CENTRAL EUROPE,TOTAL EMPLOYEES
"Petit,  Anouk",GO CENTRAL EUROPE,TOTAL EMPLOYEES
"Reiter,  Werner",GO CENTRAL EUROPE,TOTAL EMPLOYEES
"Vanhaelst,  Sophie",GO CENTRAL EUROPE,TOTAL EMPLOYEES
"Wagner,  Johann",GO CENTRAL EUROPE,TOTAL EMPLOYEES
"Willborn,  Katja",GO CENTRAL EUROPE,TOTAL EMPLOYEES
"Wouters,  Ines",GO CENTRAL EUROPE,TOTAL EMPLOYEES
"Bernard,  Alain",GO CENTRAL EUROPE,TOTAL EMPLOYEES
"Bertrand,  Jeanne",GO CENTRAL EUROPE,TOTAL EMPLOYEES
"Blanc,  Gérard",GO CENTRAL EUROPE,TOTAL EMPLOYEES
"Chouteau,  Joseph",GO CENTRAL EUROPE,TOTAL EMPLOYEES
"Courville,  Emilie",GO CENTRAL EUROPE,TOTAL EMPLOYEES
"David,  Isabelle",GO CENTRAL EUROPE,TOTAL EMPLOYEES
"De Crée,  François",GO CENTRAL EUROPE,TOTAL EMPLOYEES
"Decoudreau,  Carlotta",GO CENTRAL EUROPE,TOTAL EMPLOYEES
"Dubois,  Antoine",GO CENTRAL EUROPE,TOTAL EMPLOYEES
"Dupart,  Briand",GO CENTRAL EUROPE,TOTAL EMPLOYEES
"Faillard,  Chantal",GO CENTRAL EUROPE,TOTAL EMPLOYEES
"Gallaud,  Bruce",GO CENTRAL EUROPE,TOTAL EMPLOYEES
"Gellens,  Gracy",GO CENTRAL EUROPE,TOTAL EMPLOYEES
"Laut,  Robert",GO CENTRAL EUROPE,TOTAL EMPLOYEES
"Martin,  Adrien",GO CENTRAL EUROPE,TOTAL EMPLOYEES
"Petit,  Alexis",GO CENTRAL EUROPE,TOTAL EMPLOYEES
"Pujol,  Etienne",GO CENTRAL EUROPE,TOTAL EMPLOYEES
"Rader,  Reinhard",GO CENTRAL EUROPE,TOTAL EMPLOYEES
"Afschrift,  Hank",GO ACCESSORIES GMBH,TOTAL EMPLOYEES
"Agostini,  Bianca",GO ACCESSORIES GMBH,TOTAL EMPLOYEES
"Albiñana,  Roderick",GO ACCESSORIES GMBH,TOTAL EMPLOYEES
"Bacchus,  Gilles",GO ACCESSORIES GMBH,TOTAL EMPLOYEES
"Bakker,  Roger",GO ACCESSORIES GMBH,TOTAL EMPLOYEES
"Baldock,  Anne",GO ACCESSORIES GMBH,TOTAL EMPLOYEES
"Baldock,  Wilbur",GO ACCESSORIES GMBH,TOTAL EMPLOYEES
"Belli,  Marco",GO ACCESSORIES GMBH,TOTAL EMPLOYEES
"Benoit,  Nathalie",GO ACCESSORIES GMBH,TOTAL EMPLOYEES
"Bichot,  Lotta",GO ACCESSORIES GMBH,TOTAL EMPLOYEES
"Bichot,  Nicholas",GO ACCESSORIES GMBH,TOTAL EMPLOYEES
"Blackmore,  Ulla",GO ACCESSORIES GMBH,TOTAL EMPLOYEES
"Bonnet,  Juliette",GO ACCESSORIES GMBH,TOTAL EMPLOYEES
"Borre,  Henri",GO ACCESSORIES GMBH,TOTAL EMPLOYEES
"Boscolo,  Lucia",GO ACCESSORIES GMBH,TOTAL EMPLOYEES
"Braun,  Ellen",GO ACCESSORIES GMBH,TOTAL EMPLOYEES
"Braun,  Josef",GO ACCESSORIES GMBH,TOTAL EMPLOYEES
"Breitfeld,  Henrietta",GO ACCESSORIES GMBH,TOTAL EMPLOYEES
"Brinkerhoff,  Denys",GO ACCESSORIES GMBH,TOTAL EMPLOYEES
"Brown,  Amy",GO ACCESSORIES GMBH,TOTAL EMPLOYEES
"Bruno,  Fausta",GO ACCESSORIES GMBH,TOTAL EMPLOYEES
"Castillo,  Ariel",GO ACCESSORIES GMBH,TOTAL EMPLOYEES
"Chambers,  Jennifer",GO ACCESSORIES GMBH,TOTAL EMPLOYEES
"Chambers,  Warren",GO ACCESSORIES GMBH,TOTAL EMPLOYEES
"Cloet,  Baltje",GO ACCESSORIES GMBH,TOTAL EMPLOYEES
"Coeman,  Betje",GO ACCESSORIES GMBH,TOTAL EMPLOYEES
"David,  Claude",GO ACCESSORIES GMBH,TOTAL EMPLOYEES
"Didier,  Edouard",GO ACCESSORIES GMBH,TOTAL EMPLOYEES
"Didier,  Marlene",GO ACCESSORIES GMBH,TOTAL EMPLOYEES
"Durand ,  Ivonne",GO ACCESSORIES GMBH,TOTAL EMPLOYEES
"Elsen,  Henri",GO ACCESSORIES GMBH,TOTAL EMPLOYEES
"Erler,  Rolf",GO ACCESSORIES GMBH,TOTAL EMPLOYEES
"Forneret,  Clarice",GO ACCESSORIES GMBH,TOTAL EMPLOYEES
"Frohner,  Siegfried",GO ACCESSORIES GMBH,TOTAL EMPLOYEES
"Fusillo,  Armando",GO ACCESSORIES GMBH,TOTAL EMPLOYEES
"Gallo,  Grazia",GO ACCESSORIES GMBH,TOTAL EMPLOYEES
"Garcia,  Bruno",GO ACCESSORIES GMBH,TOTAL EMPLOYEES
"Garcia,  Henriette",GO ACCESSORIES GMBH,TOTAL EMPLOYEES
"Gianni,  Lorenzo",GO ACCESSORIES GMBH,TOTAL EMPLOYEES
"Giordano,  Fiorenza",GO ACCESSORIES GMBH,TOTAL EMPLOYEES
"Greco,  Fabiano",GO ACCESSORIES GMBH,TOTAL EMPLOYEES
"Haak,  Aert",GO ACCESSORIES GMBH,TOTAL EMPLOYEES
"Haanraads,  Adriaantje",GO ACCESSORIES GMBH,TOTAL EMPLOYEES
"Hansen,  Aaltje",GO ACCESSORIES GMBH,TOTAL EMPLOYEES
"Harris,  Julian",GO ACCESSORIES GMBH,TOTAL EMPLOYEES
"Heijman,  Adda",GO ACCESSORIES GMBH,TOTAL EMPLOYEES
"Heiman,  Aaghie",GO ACCESSORIES GMBH,TOTAL EMPLOYEES
"Hernandez,  Nominanda",GO ACCESSORIES GMBH,TOTAL EMPLOYEES
"Hoenike,  Heidi",GO ACCESSORIES GMBH,TOTAL EMPLOYEES
"Iacobucci,  Adriana",GO ACCESSORIES GMBH,TOTAL EMPLOYEES
"Kessler,  Tim",GO ACCESSORIES GMBH,TOTAL EMPLOYEES
"Kodde,  Rolf",GO ACCESSORIES GMBH,TOTAL EMPLOYEES
"Kramer,  Luca",GO ACCESSORIES GMBH,TOTAL EMPLOYEES
"Kunstler,  David",GO ACCESSORIES GMBH,TOTAL EMPLOYEES
"Lalande,  Remi",GO ACCESSORIES GMBH,TOTAL EMPLOYEES
"Laurent,  Beata",GO ACCESSORIES GMBH,TOTAL EMPLOYEES
"Lazzeretti,  Silvia",GO ACCESSORIES GMBH,TOTAL EMPLOYEES
"Leroi,  Benjamin",GO ACCESSORIES GMBH,TOTAL EMPLOYEES
"Leroi,  Gabrielle",GO ACCESSORIES GMBH,TOTAL EMPLOYEES
"Leyder,  Mathilde",GO ACCESSORIES GMBH,TOTAL EMPLOYEES
"Lioutau,  Patrick",GO ACCESSORIES GMBH,TOTAL EMPLOYEES
"Lopez,  Maisie",GO ACCESSORIES GMBH,TOTAL EMPLOYEES
"Mallorquin,  Rémy",GO ACCESSORIES GMBH,TOTAL EMPLOYEES
"Marc,  André",GO ACCESSORIES GMBH,TOTAL EMPLOYEES
"Marc,  Serilda",GO ACCESSORIES GMBH,TOTAL EMPLOYEES
"Marino,  Enrico",GO ACCESSORIES GMBH,TOTAL EMPLOYEES
"Martin,  Michel",GO ACCESSORIES GMBH,TOTAL EMPLOYEES
"Michel,  Bertrand",GO ACCESSORIES GMBH,TOTAL EMPLOYEES
"Michel,  Denise",GO ACCESSORIES GMBH,TOTAL EMPLOYEES
"Moreau,  Amaury",GO ACCESSORIES GMBH,TOTAL EMPLOYEES
"Moreau,  Claire",GO ACCESSORIES GMBH,TOTAL EMPLOYEES
"Muller,  Sarah",GO ACCESSORIES GMBH,TOTAL EMPLOYEES
"Nardulli,  Mirella",GO ACCESSORIES GMBH,TOTAL EMPLOYEES
"Pera,  Caterina",GO ACCESSORIES GMBH,TOTAL EMPLOYEES
"Ramos,  Agnes",GO ACCESSORIES GMBH,TOTAL EMPLOYEES
"Rayet,  Louise",GO ACCESSORIES GMBH,TOTAL EMPLOYEES
"Reifsneider,  Lukas",GO ACCESSORIES GMBH,TOTAL EMPLOYEES
"Richard,  Astrid",GO ACCESSORIES GMBH,TOTAL EMPLOYEES
"Richter,  Lisa",GO ACCESSORIES GMBH,TOTAL EMPLOYEES
"Romano,  Tessa",GO ACCESSORIES GMBH,TOTAL EMPLOYEES
"Roux,  Christophe",GO ACCESSORIES GMBH,TOTAL EMPLOYEES
"Roux,  Hortense",GO ACCESSORIES GMBH,TOTAL EMPLOYEES
"Ruiz,  Abram",GO ACCESSORIES GMBH,TOTAL EMPLOYEES
"Runge,  Werner",GO ACCESSORIES GMBH,TOTAL EMPLOYEES
"Saltzman,  Maximilian",GO ACCESSORIES GMBH,TOTAL EMPLOYEES
"Scarasse,  Margot",GO ACCESSORIES GMBH,TOTAL EMPLOYEES
"Schenker,  Daniel",GO ACCESSORIES GMBH,TOTAL EMPLOYEES
"Schleimer,  Pierre",GO ACCESSORIES GMBH,TOTAL EMPLOYEES
"Schlosser,  Paul",GO ACCESSORIES GMBH,TOTAL EMPLOYEES
"Schmidt,  Niklas",GO ACCESSORIES GMBH,TOTAL EMPLOYEES
"Schmuker,  Alexander",GO ACCESSORIES GMBH,TOTAL EMPLOYEES
"Schulz,  Julia",GO ACCESSORIES GMBH,TOTAL EMPLOYEES
"Schulz,  Warner",GO ACCESSORIES GMBH,TOTAL EMPLOYEES
"Schwarz,  Antje",GO ACCESSORIES GMBH,TOTAL EMPLOYEES
"Simon,  Bernard",GO ACCESSORIES GMBH,TOTAL EMPLOYEES
"Simon,  Diane",GO ACCESSORIES GMBH,TOTAL EMPLOYEES
"Tibor,  Obert",GO ACCESSORIES GMBH,TOTAL EMPLOYEES
"Torta,  Emilio",GO ACCESSORIES GMBH,TOTAL EMPLOYEES
"Vanhaelst,  Kurt",GO ACCESSORIES GMBH,TOTAL EMPLOYEES
"Weber,  Leon",GO ACCESSORIES GMBH,TOTAL EMPLOYEES
"Wiesinger,  Adelaide",GO ACCESSORIES GMBH,TOTAL EMPLOYEES
"Wouters,  Lorelei",GO ACCESSORIES GMBH,TOTAL EMPLOYEES
"Aafjes,  Geert",GO NORTHERN EUROPE,TOTAL EMPLOYEES
"Aaij,  Fytje",GO NORTHERN EUROPE,TOTAL EMPLOYEES
"Aaldenberg,  Ernst",GO NORTHERN EUROPE,TOTAL EMPLOYEES
"Aalfs,  Engeltje",GO NORTHERN EUROPE,TOTAL EMPLOYEES
"Aalmers,  Elsje",GO NORTHERN EUROPE,TOTAL EMPLOYEES
"Adams,  Eduwart",GO NORTHERN EUROPE,TOTAL EMPLOYEES
"Aelberts,  Gisela",GO NORTHERN EUROPE,TOTAL EMPLOYEES
"Bakker,  Dirk",GO NORTHERN EUROPE,TOTAL EMPLOYEES
"Bernis,  Karel",GO NORTHERN EUROPE,TOTAL EMPLOYEES
"Borgherssoen,  Claus",GO NORTHERN EUROPE,TOTAL EMPLOYEES
"Buren,  Martijn",GO NORTHERN EUROPE,TOTAL EMPLOYEES
"Cabrera,  Christiaan",GO NORTHERN EUROPE,TOTAL EMPLOYEES
"Dirchs,  Ariaantje",GO NORTHERN EUROPE,TOTAL EMPLOYEES
"Eikenboom,  Anneken",GO NORTHERN EUROPE,TOTAL EMPLOYEES
"Haverkamp,  Jan",GO NORTHERN EUROPE,TOTAL EMPLOYEES
"Jacobs,  Hansje",GO NORTHERN EUROPE,TOTAL EMPLOYEES
"Jansens,  Hans",GO NORTHERN EUROPE,TOTAL EMPLOYEES
"Jansen-Velasquez,  Belinda",GO NORTHERN EUROPE,TOTAL EMPLOYEES
"Janssen,  Kaatje",GO NORTHERN EUROPE,TOTAL EMPLOYEES
"Kalkman,  Kick",GO NORTHERN EUROPE,TOTAL EMPLOYEES
"Laponder,  Maria",GO NORTHERN EUROPE,TOTAL EMPLOYEES
"Meyer,  Aert",GO NORTHERN EUROPE,TOTAL EMPLOYEES
"Schuman,  Arjan",GO NORTHERN EUROPE,TOTAL EMPLOYEES
"Shapiro,  Ellen",GO NORTHERN EUROPE,TOTAL EMPLOYEES
"Smit,  Katrien",GO NORTHERN EUROPE,TOTAL EMPLOYEES
"Vermeeren,  Susan",GO NORTHERN EUROPE,TOTAL EMPLOYEES
"Visser,  Agnietje",GO NORTHERN EUROPE,TOTAL EMPLOYEES
"Adelsvärd,  Aron",GO NORTHERN EUROPE,TOTAL EMPLOYEES
"Ankarcrona,  Artur",GO NORTHERN EUROPE,TOTAL EMPLOYEES
"Armfelt,  Axel",GO NORTHERN EUROPE,TOTAL EMPLOYEES
"Armfelt,  Benedikt",GO NORTHERN EUROPE,TOTAL EMPLOYEES
"Bergström,  Karin",GO NORTHERN EUROPE,TOTAL EMPLOYEES
"Björnstjerna,  Baltasar",GO NORTHERN EUROPE,TOTAL EMPLOYEES
"Björnstjerna,  Gabriella",GO NORTHERN EUROPE,TOTAL EMPLOYEES
"Cronhielm,  Bartholomeus",GO NORTHERN EUROPE,TOTAL EMPLOYEES
"Cronhielm,  Gerda ",GO NORTHERN EUROPE,TOTAL EMPLOYEES
"Engelbrektsson,  Irene",GO NORTHERN EUROPE,TOTAL EMPLOYEES
"Flesseman,  Albert",GO NORTHERN EUROPE,TOTAL EMPLOYEES
"Frie,  Michael",GO NORTHERN EUROPE,TOTAL EMPLOYEES
"Gradin,  Bengt",GO NORTHERN EUROPE,TOTAL EMPLOYEES
"Hammarskjöld,  Bertil",GO NORTHERN EUROPE,TOTAL EMPLOYEES
"Lagerfelt,  Katrine",GO NORTHERN EUROPE,TOTAL EMPLOYEES
"Lagerskiöld,  Kerstin",GO NORTHERN EUROPE,TOTAL EMPLOYEES
"Lindgren,  Gabriella",GO NORTHERN EUROPE,TOTAL EMPLOYEES
"Lindgren,  Kim",GO NORTHERN EUROPE,TOTAL EMPLOYEES
"Nilsson,  Anders",GO NORTHERN EUROPE,TOTAL EMPLOYEES
"Nilsson,  Kolina",GO NORTHERN EUROPE,TOTAL EMPLOYEES
"Olofsson,  Jorgen",GO NORTHERN EUROPE,TOTAL EMPLOYEES
"Oxenhufwud,  Kristina",GO NORTHERN EUROPE,TOTAL EMPLOYEES
"Ridderstolpe,  Bertil",GO NORTHERN EUROPE,TOTAL EMPLOYEES
"Sachse,  Hans",GO NORTHERN EUROPE,TOTAL EMPLOYEES
"Silfverskiöld,  Lotta",GO NORTHERN EUROPE,TOTAL EMPLOYEES
"Svinhufvud,  Lovisa",GO NORTHERN EUROPE,TOTAL EMPLOYEES
"Virtanen,  Katri",GO NORTHERN EUROPE,TOTAL EMPLOYEES
"Vreede,  Frans",GO NORTHERN EUROPE,TOTAL EMPLOYEES
"Wattrangius,  Nils",GO NORTHERN EUROPE,TOTAL EMPLOYEES
"Berg,  Hanna",GO NORTHERN EUROPE,TOTAL EMPLOYEES
"Eskola,  Petri",GO NORTHERN EUROPE,TOTAL EMPLOYEES
"Forssell,  Aila",GO NORTHERN EUROPE,TOTAL EMPLOYEES
"Groop,  Erkki",GO NORTHERN EUROPE,TOTAL EMPLOYEES
"Heikkinen,  Jani",GO NORTHERN EUROPE,TOTAL EMPLOYEES
"Isokoski,  Ensio",GO NORTHERN EUROPE,TOTAL EMPLOYEES
"Korhonen,  Kaisa",GO NORTHERN EUROPE,TOTAL EMPLOYEES
"Koskinen,  Kalle",GO NORTHERN EUROPE,TOTAL EMPLOYEES
"Laine,  Kaarlo",GO NORTHERN EUROPE,TOTAL EMPLOYEES
"Laine,  Liisa",GO NORTHERN EUROPE,TOTAL EMPLOYEES
"Lindholm,  Helena",GO NORTHERN EUROPE,TOTAL EMPLOYEES
"Mäkelä,  Paavo",GO NORTHERN EUROPE,TOTAL EMPLOYEES
"Nieminen,  Dorotea",GO NORTHERN EUROPE,TOTAL EMPLOYEES
"Savolainen,  Tuomas",GO NORTHERN EUROPE,TOTAL EMPLOYEES
"Virtanen,  Joki",GO NORTHERN EUROPE,TOTAL EMPLOYEES
"Wainio,  Marko",GO NORTHERN EUROPE,TOTAL EMPLOYEES
"Wallgren,  Matias",GO NORTHERN EUROPE,TOTAL EMPLOYEES
"Agostini,  Massimo",GO SOUTHERN EUROPE,TOTAL EMPLOYEES
"Boscolo,  Gabriella",GO SOUTHERN EUROPE,TOTAL EMPLOYEES
"Bruno,  Stefano",GO SOUTHERN EUROPE,TOTAL EMPLOYEES
"Colombo,  Umberto",GO SOUTHERN EUROPE,TOTAL EMPLOYEES
"Costa,  Massimo",GO SOUTHERN EUROPE,TOTAL EMPLOYEES
"Cruz,  Adara",GO SOUTHERN EUROPE,TOTAL EMPLOYEES
"De Luca,  Flora",GO SOUTHERN EUROPE,TOTAL EMPLOYEES
"Esposito,  Mario",GO SOUTHERN EUROPE,TOTAL EMPLOYEES
"Ferrari,  Arabela",GO SOUTHERN EUROPE,TOTAL EMPLOYEES
"Ferrari,  Sergio",GO SOUTHERN EUROPE,TOTAL EMPLOYEES
"Fusillo,  Roberto",GO SOUTHERN EUROPE,TOTAL EMPLOYEES
"Gallo,  Feliti",GO SOUTHERN EUROPE,TOTAL EMPLOYEES
"Giordano,  Giorgio",GO SOUTHERN EUROPE,TOTAL EMPLOYEES
"Giordano,  Rolando",GO SOUTHERN EUROPE,TOTAL EMPLOYEES
"Greco,  Rolando",GO SOUTHERN EUROPE,TOTAL EMPLOYEES
"Iacobucci,  Maria",GO SOUTHERN EUROPE,TOTAL EMPLOYEES
"Lombardi,  Isabella",GO SOUTHERN EUROPE,TOTAL EMPLOYEES
"Lombardi,  Laura",GO SOUTHERN EUROPE,TOTAL EMPLOYEES
"Marino,  Gualtier",GO SOUTHERN EUROPE,TOTAL EMPLOYEES
"Marino,  Sidonia",GO SOUTHERN EUROPE,TOTAL EMPLOYEES
"Medina,  Benicio",GO SOUTHERN EUROPE,TOTAL EMPLOYEES
"Morales,  Ada",GO SOUTHERN EUROPE,TOTAL EMPLOYEES
"Moretti,  Franca",GO SOUTHERN EUROPE,TOTAL EMPLOYEES
"Nardulli,  Giovanni",GO SOUTHERN EUROPE,TOTAL EMPLOYEES
"Ortiz,  Adelma",GO SOUTHERN EUROPE,TOTAL EMPLOYEES
"Pera,  Alberto",GO SOUTHERN EUROPE,TOTAL EMPLOYEES
"Ricci,  Zola",GO SOUTHERN EUROPE,TOTAL EMPLOYEES
"Rizzo,  Anna",GO SOUTHERN EUROPE,TOTAL EMPLOYEES
"Rizzo,  Gustavo",GO SOUTHERN EUROPE,TOTAL EMPLOYEES
"Rossi,  Rupert",GO SOUTHERN EUROPE,TOTAL EMPLOYEES
"Torta,  Alessandra",GO SOUTHERN EUROPE,TOTAL EMPLOYEES
"Bordoy,  Clara",GO SOUTHERN EUROPE,TOTAL EMPLOYEES
"Broschat,  Lara",GO SOUTHERN EUROPE,TOTAL EMPLOYEES
"Diaz,  Pilar",GO SOUTHERN EUROPE,TOTAL EMPLOYEES
"Flores,  Nadia",GO SOUTHERN EUROPE,TOTAL EMPLOYEES
"Gutierrez,  Dario",GO SOUTHERN EUROPE,TOTAL EMPLOYEES
"Iglesias,  Tomás",GO SOUTHERN EUROPE,TOTAL EMPLOYEES
"Jimenez,  Danilo",GO SOUTHERN EUROPE,TOTAL EMPLOYEES
"Navarro,  Fonda",GO SOUTHERN EUROPE,TOTAL EMPLOYEES
"Portales,  Laura",GO SOUTHERN EUROPE,TOTAL EMPLOYEES
"Reyes,  Agatha",GO SOUTHERN EUROPE,TOTAL EMPLOYEES
"Rivera,  Alejandrino",GO SOUTHERN EUROPE,TOTAL EMPLOYEES
"Soto,  Chale",GO SOUTHERN EUROPE,TOTAL EMPLOYEES
"Temiño,  Ignacio",GO SOUTHERN EUROPE,TOTAL EMPLOYEES
"Torres,  Anica",GO SOUTHERN EUROPE,TOTAL EMPLOYEES
"Torres,  Isabel",GO SOUTHERN EUROPE,TOTAL EMPLOYEES
"Torres,  Yolanda",GO SOUTHERN EUROPE,TOTAL EMPLOYEES
"Anuschek,  Ava",GO SOUTHERN EUROPE,TOTAL EMPLOYEES
"Diederichsen,  Almut",GO SOUTHERN EUROPE,TOTAL EMPLOYEES
"Gebauer,  Kunz",GO SOUTHERN EUROPE,TOTAL EMPLOYEES
"Grüner,  Sabine",GO SOUTHERN EUROPE,TOTAL EMPLOYEES
"Hoffer,  Raoul",GO SOUTHERN EUROPE,TOTAL EMPLOYEES
"Jever,  Emil",GO SOUTHERN EUROPE,TOTAL EMPLOYEES
"Kellerman,  Ludwig",GO SOUTHERN EUROPE,TOTAL EMPLOYEES
"Keschmann,  Florian",GO SOUTHERN EUROPE,TOTAL EMPLOYEES
"Kessler,  Lutz",GO SOUTHERN EUROPE,TOTAL EMPLOYEES
"Kramer,  Konrad",GO SOUTHERN EUROPE,TOTAL EMPLOYEES
"Kunstler,  Otto",GO SOUTHERN EUROPE,TOTAL EMPLOYEES
"Muller,  Paul",GO SOUTHERN EUROPE,TOTAL EMPLOYEES
"Reifsneider,  Hinz",GO SOUTHERN EUROPE,TOTAL EMPLOYEES
"Schirmer,  Thomas",GO SOUTHERN EUROPE,TOTAL EMPLOYEES
"Schlosser,  Heinrich",GO SOUTHERN EUROPE,TOTAL EMPLOYEES
"Seefelder,  Willi",GO SOUTHERN EUROPE,TOTAL EMPLOYEES
"Shulz,  Jutta",GO SOUTHERN EUROPE,TOTAL EMPLOYEES
"Tibor,  Fabian",GO SOUTHERN EUROPE,TOTAL EMPLOYEES
"Wagner,  Earnest",GO SOUTHERN EUROPE,TOTAL EMPLOYEES
"Weber,  Heinz",GO SOUTHERN EUROPE,TOTAL EMPLOYEES
"Zumwald,  Leonie",GO SOUTHERN EUROPE,TOTAL EMPLOYEES
