Cooking Gear,CAMPING EQUIPMENT,TOTAL PRODUCTS
Lanterns,CAMPING EQUIPMENT,TOTAL PRODUCTS
Packs,CAMPING EQUIPMENT,TOTAL PRODUCTS
Sleeping Bags,CAMPING EQUIPMENT,TOTAL PRODUCTS
Tents,CAMPING EQUIPMENT,TOTAL PRODUCTS
Golf Accessories,GOLF EQUIPMENT,TOTAL PRODUCTS
Irons,GOLF EQUIPMENT,TOTAL PRODUCTS
Putters,GOLF EQUIPMENT,TOTAL PRODUCTS
Woods,GOLF EQUIPMENT,TOTAL PRODUCTS
Climbing Accessories,MOUNTAINEERING EQUIPMENT,TOTAL PRODUCTS
Rope,MOUNTAINEERING EQUIPMENT,TOTAL PRODUCTS
Safety,MOUNTAINEERING EQUIPMENT,TOTAL PRODUCTS
Tools,MOUNTAINEERING EQUIPMENT,TOTAL PRODUCTS
First Aid,OUTDOOR PROTECTION,TOTAL PRODUCTS
Insect Repellents,OUTDOOR PROTECTION,TOTAL PRODUCTS
Sunscreen,OUTDOOR PROTECTION,TOTAL PRODUCTS
Binoculars,PERSONAL ACCESSORIES,TOTAL PRODUCTS
Eyewear,PERSONAL ACCESSORIES,TOTAL PRODUCTS
Knives,PERSONAL ACCESSORIES,TOTAL PRODUCTS
Navigation,PERSONAL ACCESSORIES,TOTAL PRODUCTS
Watches,PERSONAL ACCESSORIES,TOTAL PRODUCTS
